{
    "name": "root",
    "gauges": {
        "Paddle.Policy.Entropy.mean": {
            "value": 1.3988895416259766,
            "min": 1.3988895416259766,
            "max": 1.4289976358413696,
            "count": 10
        },
        "Paddle.Policy.Entropy.sum": {
            "value": 69924.890625,
            "min": 69924.890625,
            "max": 71451.3125,
            "count": 10
        },
        "Paddle.Step.mean": {
            "value": 499938.0,
            "min": 49984.0,
            "max": 499938.0,
            "count": 10
        },
        "Paddle.Step.sum": {
            "value": 499938.0,
            "min": 49984.0,
            "max": 499938.0,
            "count": 10
        },
        "Paddle.Policy.ExtrinsicValueEstimate.mean": {
            "value": 33.36101150512695,
            "min": 9.33281135559082,
            "max": 33.36101150512695,
            "count": 10
        },
        "Paddle.Policy.ExtrinsicValueEstimate.sum": {
            "value": 29324.330078125,
            "min": 8856.837890625,
            "max": 29324.330078125,
            "count": 10
        },
        "Paddle.Environment.EpisodeLength.mean": {
            "value": 265.90425531914894,
            "min": 134.2054054054054,
            "max": 265.9465240641711,
            "count": 10
        },
        "Paddle.Environment.EpisodeLength.sum": {
            "value": 49990.0,
            "min": 49578.0,
            "max": 49990.0,
            "count": 10
        },
        "Paddle.Environment.CumulativeReward.mean": {
            "value": 129.64787239724018,
            "min": 56.376422760609366,
            "max": 129.64787239724018,
            "count": 10
        },
        "Paddle.Environment.CumulativeReward.sum": {
            "value": 24373.800010681152,
            "min": 20802.899998664856,
            "max": 24373.800010681152,
            "count": 10
        },
        "Paddle.Policy.ExtrinsicReward.mean": {
            "value": 129.64787239724018,
            "min": 56.376422760609366,
            "max": 129.64787239724018,
            "count": 10
        },
        "Paddle.Policy.ExtrinsicReward.sum": {
            "value": 24373.800010681152,
            "min": 20802.899998664856,
            "max": 24373.800010681152,
            "count": 10
        },
        "Paddle.Losses.PolicyLoss.mean": {
            "value": 0.024007381500365833,
            "min": 0.02067801147233695,
            "max": 0.027752850886123875,
            "count": 10
        },
        "Paddle.Losses.PolicyLoss.sum": {
            "value": 0.12003690750182916,
            "min": 0.08867689661953287,
            "max": 0.13876425443061938,
            "count": 10
        },
        "Paddle.Losses.ValueLoss.mean": {
            "value": 49.89266817728678,
            "min": 33.52730236053467,
            "max": 52.031985448201496,
            "count": 10
        },
        "Paddle.Losses.ValueLoss.sum": {
            "value": 249.4633408864339,
            "min": 134.10920944213868,
            "max": 260.1599272410075,
            "count": 10
        },
        "Paddle.Policy.LearningRate.mean": {
            "value": 1.6527454490879996e-05,
            "min": 1.6527454490879996e-05,
            "max": 0.0002845899051367,
            "count": 10
        },
        "Paddle.Policy.LearningRate.sum": {
            "value": 8.263727245439997e-05,
            "min": 8.263727245439997e-05,
            "max": 0.0012842640719119998,
            "count": 10
        },
        "Paddle.Policy.Epsilon.mean": {
            "value": 0.10550911999999998,
            "min": 0.10550911999999998,
            "max": 0.1948633,
            "count": 10
        },
        "Paddle.Policy.Epsilon.sum": {
            "value": 0.5275456,
            "min": 0.5000708,
            "max": 0.9280879999999998,
            "count": 10
        },
        "Paddle.Policy.Beta.mean": {
            "value": 0.00028490508799999993,
            "min": 0.00028490508799999993,
            "max": 0.004743678670000001,
            "count": 10
        },
        "Paddle.Policy.Beta.sum": {
            "value": 0.0014245254399999996,
            "min": 0.0014245254399999996,
            "max": 0.0214115912,
            "count": 10
        },
        "Paddle.IsTraining.mean": {
            "value": 1.0,
            "min": 1.0,
            "max": 1.0,
            "count": 10
        },
        "Paddle.IsTraining.sum": {
            "value": 1.0,
            "min": 1.0,
            "max": 1.0,
            "count": 10
        }
    },
    "metadata": {
        "timer_format_version": "0.1.0",
        "start_time_seconds": "1690918535",
        "python_version": "3.9.13 (tags/v3.9.13:6de2ca5, May 17 2022, 16:36:42) [MSC v.1929 64 bit (AMD64)]",
        "command_line_arguments": "C:\\Users\\mattc\\OneDrive\\Desktop\\BrickBreaker\\Brick Breaker\\venv\\Scripts\\mlagents-learn --run-id=no_obstacles --force",
        "mlagents_version": "0.30.0",
        "mlagents_envs_version": "0.30.0",
        "communication_protocol_version": "1.5.0",
        "pytorch_version": "2.0.1+cpu",
        "numpy_version": "1.21.2",
        "end_time_seconds": "1690920100"
    },
    "total": 1564.8939862,
    "count": 1,
    "self": 0.005674699999872246,
    "children": {
        "run_training.setup": {
            "total": 0.08011879999999993,
            "count": 1,
            "self": 0.08011879999999993
        },
        "TrainerController.start_learning": {
            "total": 1564.8081927,
            "count": 1,
            "self": 7.542077800052539,
            "children": {
                "TrainerController._reset_env": {
                    "total": 6.2078066,
                    "count": 1,
                    "self": 6.2078066
                },
                "TrainerController.advance": {
                    "total": 1551.0206006999476,
                    "count": 502095,
                    "self": 7.157266399936361,
                    "children": {
                        "env_step": {
                            "total": 1443.8792885000562,
                            "count": 502095,
                            "self": 1177.4481396000176,
                            "children": {
                                "SubprocessEnvManager._take_step": {
                                    "total": 261.6894923000667,
                                    "count": 502095,
                                    "self": 20.999767700075296,
                                    "children": {
                                        "TorchPolicy.evaluate": {
                                            "total": 240.68972459999142,
                                            "count": 500002,
                                            "self": 240.68972459999142
                                        }
                                    }
                                },
                                "workers": {
                                    "total": 4.741656599971924,
                                    "count": 502095,
                                    "self": 0.0,
                                    "children": {
                                        "worker_root": {
                                            "total": 1549.584296399972,
                                            "count": 502095,
                                            "is_parallel": true,
                                            "self": 683.9048287000334,
                                            "children": {
                                                "steps_from_proto": {
                                                    "total": 0.00024289999999993483,
                                                    "count": 1,
                                                    "is_parallel": true,
                                                    "self": 9.619999999976869e-05,