{"count":1,"self":43.620457599999995,"total":43.8363131,"children":{"InitializeActuators":{"count":1,"self":0.0015428999999999998,"total":0.0015428999999999998,"children":null},"InitializeSensors":{"count":1,"self":0.0019985,"total":0.0019985,"children":null},"AgentSendState":{"count":1914,"self":0.0098181,"total":0.026069099999999998,"children":{"CollectObservations":{"count":383,"self":0.0047843999999999994,"total":0.0047843999999999994,"children":null},"WriteActionMask":{"count":383,"self":0.0003567,"total":0.0003567,"children":null},"RequestDecision":{"count":383,"self":0.011109899999999999,"total":0.011109899999999999,"children":null}}},"DecideAction":{"count":1914,"self":0.17893989999999999,"total":0.17893989999999999,"children":null},"AgentAct":{"count":1914,"self":0.0073041999999999994,"total":0.0073041999999999994,"children":null}},"gauges":{},"metadata":{"timer_format_version":"0.1.0","start_time_seconds":"1691450166","unity_version":"2022.3.4f1","command_line_arguments":"C:\\Program Files\\Unity\\Hub\\Editor\\2022.3.4f1\\Editor\\Unity.exe -projectpath C:\\Users\\mattc\\OneDrive\\Desktop\\BrickBreaker\\Brick Breaker -useHub -hubIPC -cloudEnvironment production -licensingIpc LicenseClient-mattc -hubSessionId 46bd5ecb-7a24-4f31-b9fe-60472f21e1a2","communication_protocol_version":"1.5.0","com.unity.ml-agents_version":"2.0.1","scene_name":"AI_Level_7","end_time_seconds":"1691450210"}}