{"count":1,"self":71.180512,"total":71.4717524,"children":{"InitializeActuators":{"count":1,"self":0.0010004999999999999,"total":0.0010004999999999999,"children":null},"InitializeSensors":{"count":1,"self":0.00097129999999999992,"total":0.00097129999999999992,"children":null},"AgentSendState":{"count":3298,"self":0.0160029,"total":0.0360233,"children":{"CollectObservations":{"count":660,"self":0.0060012999999999993,"total":0.0060012999999999993,"children":null},"WriteActionMask":{"count":660,"self":0.0010004,"total":0.0010004,"children":null},"RequestDecision":{"count":660,"self":0.0130187,"total":0.0130187,"children":null}}},"DecideAction":{"count":3298,"self":0.23324809999999999,"total":0.23324809999999999,"children":null},"AgentAct":{"count":3298,"self":0.019001499999999998,"total":0.019001499999999998,"children":null}},"gauges":{},"metadata":{"timer_format_version":"0.1.0","start_time_seconds":"1690918191","unity_version":"2022.3.4f1","command_line_arguments":"C:\\Program Files\\Unity\\Hub\\Editor\\2022.3.4f1\\Editor\\Unity.exe -projectpath C:\\Users\\mattc\\OneDrive\\Desktop\\BrickBreaker\\Brick Breaker -useHub -hubIPC -cloudEnvironment production -licensingIpc LicenseClient-mattc -hubSessionId 4ab25643-b754-440d-95f9-21e1d344f649","communication_protocol_version":"1.5.0","com.unity.ml-agents_version":"2.0.1","scene_name":"Level_5","end_time_seconds":"1690918262"}}